{
  "project_info": {
    "project_number": "970850848741",
    "project_id": "loginfirebase-55857",
    "storage_bucket": "loginfirebase-55857.appspot.com"
  },
  "client": [
    {
      "client_info": {
        "mobilesdk_app_id": "1:970850848741:android:9790c89e788b2e32fe290c",
        "android_client_info": {
          "package_name": "com.example.loginfirebase"
        }
      },
      "oauth_client": [
        {
          "client_id": "970850848741-rru1sfncca3lao828u7hm5dlc1566d8a.apps.googleusercontent.com",
          "client_type": 3
        }
      ],
      "api_key": [
        {
          "current_key": "AIzaSyDrzG2LrCr71Y8u12E9CePe0TUFJ05NK7A"
        }
      ],
      "services": {
        "appinvite_service": {
          "other_platform_oauth_client": [
            {
              "client_id": "970850848741-rru1sfncca3lao828u7hm5dlc1566d8a.apps.googleusercontent.com",
              "client_type": 3
            }
          ]
        }
      }
    }
  ],
  "configuration_version": "1"
}